fish #,population,collection date,sex,SL (mm),bodymass ,pelvic fins,eye diameter (mm),head length (mm),body depth (mm)
640,bore,May-14,F,31.8,1.02,left,2.032,8.119,9.221
641,bore,May-14,F,34.75,1.33,0,2.451,9.321,10.708
642,bore,May-14,M,26.25,0.48,2,2.001,7.483,7.676
643,bore,May-14,F,23.45,0.3,2,1.838,6.418,6.386
644,bore,May-14,M,30.55,0.72,2,1.903,8.29,9.138
645,bore,May-14,M,29.3,0.69,2,1.967,9.634,8.742
646,bore,May-14,M,34.8,1.15,left,2.373,8.66,9.629
647,bore,May-14,M,33.6,1.15,2,2.225,9.257,10.224
648,bore,May-14,F,28.2,0.63,2,1.838,7.58,8.339
649,bore,May-14,F,26.45,0.5,2,1.774,7.128,7.224
650,bore,May-14,F,28.45,0.62,2,1.935,7.451,8.358
651,bore,May-14,F,31.3,0.73,2,2.371,8.58,9.192
652,bore,May-14,M,27,0.54,2,1.903,7.515,7.709
653,bore,May-14,F,35.25,1.14,2,2.71,10.451,10.015
654,bore,May-14,M,27.75,0.61,2,2.08,7.838,8.032
655,bore,May-14,F,30.05,0.65,left,2.294,7.806,7.97
656,bore,May-14,F,28.25,0.53,2,1.967,7.201,7.487
657,bore,May-14,M,25.4,0.36,2,2.322,7.225,7.128
658,bore,May-14,F,25,0.42,2,1.628,6.182,6.422
677,bore,May-14,M,32,0.93,2,2.557,9.033,9.494
678,bore,May-14,F,32.55,0.88,right,2.643,9.686,9.16
679,bore,May-14,F,21.8,0.18,2,1.845,5.741,5.315
680,bore,May-14,F,33.8,1.01,0,2.592,8.916,9.576
681,bore,May-14,M,44.3,2.76,2,3.412,12.344,15.994
682,bore,May-14,F,26.75,0.4,2,1.64,6.794,6.442
683,bore,May-14,M,25.15,0.43,2,1.977,6.764,7.028
684,bore,May-14,M,25.75,0.41,2,2.108,6.896,6.984
685,bore,May-14,F,43.55,2.13,2,3.097,11.727,12.386
686,bore,May-14,M,29.45,0.66,left,2.152,8.301,8.653
687,bore,May-14,F,34.3,1.05,2,2.284,8.872,9.356
688,bore,May-14,M,33.25,0.93,0,2.548,9.049,9.356
689,bore,May-14,F,27.2,0.51,left,2.138,7.525,7.555
690,bore,May-14,M,29.35,0.67,right,2.24,8.038,8.433
691,bore,May-14,M,34.4,0.99,2,2.635,9.268,10.102
692,bore,May-14,F,27.5,0.46,2,2.064,7.247,6.984
693,bore,May-14,M,32.65,0.82,right,2.328,8.697,9.663
694,bore,May-14,M,26.8,0.38,2,2.05,6.618,6.647
695,bore,May-14,M,32.15,0.8,2,2.02,8.565,9.18
696,bore,May-14,M,26.4,0.45,2,1.933,7.496,6.94
697,bore,May-14,F,31.95,0.91,right,2.855,8.961,9.268
698,bore,May-14,M,41.9,2.3,2,3.119,12.43,14.407
699,bore,May-14,F,28.2,0.51,2,1.991,7.672,7.35
700,bore,May-14,M,25.25,0.36,2,1.962,6.793,6.471
701,bore,May-14,F,33.1,0.93,left,2.196,8.521,8.96
702,bore,May-14,F,40.9,1.92,left,2.907,11.596,12.826
703,bore,May-14,M,38.85,1.74,right,2.987,11.203,12.519
704,bore,May-14,F,27.15,0.5,2,2.021,6.945,7.234
705,bore,May-14,M,24.1,0.33,2,2.021,7.324,6.481
706,bore,May-14,F,39.65,1.72,2,2.681,10.676,11.815
707,bore,May-14,F,27.7,0.5,2,2.05,7.204,7.35
708,bore,May-14,M,26.3,0.42,2,2.021,6.999,7.059
709,bore,May-14,M,42.05,2.28,2,3.295,11.158,14.495
710,bore,May-14,F,41.75,2.07,2,2.902,11.069,12.342
711,bore,May-14,F,33.05,0.98,2,2.316,8.287,9.546
712,bore,May-14,M,36.65,1.21,0,2.99,9.619,10.455
713,bore,May-14,F,25.15,0.37,2,1.876,6.297,6.033
714,bore,May-14,M,44.2,2.7,0,2.988,10.849,14.802
715,bore,May-14,F,24.8,0.36,2,1.702,6.179,6.325
716,bore,May-14,M,36.75,1.51,2,2.683,9.408,11.465
717,bore,May-14,M,41.85,2.28,left,3.034,10.856,13.925
718,bore,May-14,M,33.2,0.95,2,2.376,9.312,10.015
719,bore,May-14,F,26.8,0.49,0,2.05,6.328,7.203
720,bore,May-14,M,44.25,2.29,0,3.558,11.245,14.431
721,bore,May-14,F,37.65,1.51,0,2.882,9.82,10.981
722,bore,May-14,M,33.6,1.13,2,2.554,9.487,10.632
723,bore,May-14,F,38.7,1.63,2,3.339,10.559,11.85
724,bore,May-14,F,23.35,0.29,2,1.933,6.128,5.998
725,bore,May-14,F,24.1,0.72,right,1.64,6.121,6.033
726,bore,May-14,M,36.6,1.54,2,2.768,9.929,12.079
727,bore,May-14,F,29.65,0.74,2,2.332,7.513,8.524
728,bore,May-14,F,25.5,0.45,left,2.197,6.633,6.896
729,bore,May-14,M,35.95,1.23,2,2.814,9.752,11.069
730,bore,May-14,M,34.05,1.1,0,2.637,9.444,10.278
731,bore,May-14,M,42,2.26,0,3.031,11.139,14.175
732,bore,May-14,M,24.95,0.34,left,1.984,6.371,6.506
733,bore,May-14,M,29.7,0.63,2,2.33,7.819,8.698
734,bore,May-14,F,29.3,0.67,0,2.335,7.511,8.217
735,bore,May-14,F,27.3,0.57,2,1.984,7.03,7.688
736,bore,May-14,F,40.5,1.82,2,3.295,11.289,11.996
737,bore,May-14,F,35.8,1.27,right,2.422,9.184,10.242
738,bore,May-14,F,37.7,1.57,2,3.036,10.016,11.079
739,bore,May-14,M,27.65,0.58,2,2.466,7.38,8.39
740,bore,May-14,F,26.5,0.43,2,1.95,6.283,6.501
741,bore,May-14,F,31.85,0.85,2,2.33,8.477,9.095
742,bore,May-14,M,31.3,0.81,2,2.461,8.345,9.181
743,bore,May-14,M,32.35,0.96,2,2.551,8.214,9.927
744,bore,May-14,M,29.55,0.67,2,2.592,7.995,8.653
745,bore,May-14,F,26.7,0.47,2,2.069,6.853,7.247
746,bore,May-14,M,45.3,2.37,2,3.429,12.387,14.825
747,bore,May-14,F,35.05,1.14,0,2.577,8.314,9.817
748,bore,May-14,F,25.75,0.4,2,1.806,6.55,6.504
749,bore,May-14,F,28.75,0.61,2,2.203,7.862,8.129
750,bore,May-14,M,28,0.52,right,2.022,7.607,7.292
751,bore,May-14,F,25,0.39,2,1.978,6.677,6.37
752,bore,May-14,M,25.25,0.41,2,1.893,6.676,6.896
753,bore,May-14,M,41.7,2.7,2,2.987,11.818,14.59
754,bore,May-14,F,37.9,1.31,2,2.863,9.711,10.542
755,bore,May-14,F,22.05,0.26,2,1.977,5.668,5.755
756,bore,May-14,F,33,0.93,left,2.461,7.468,9.356
757,bore,May-14,F,30,0.69,2,2.241,7.643,8.347
758,bore,May-14,M,44.35,2.54,right,3.691,11.947,14.275
759,bore,May-14,M,36.55,1.34,2,2.548,9.276,10.998
760,bore,May-14,M,24.1,0.3,left,1.889,6.113,6.193
761,bore,May-14,M,34.55,1.15,2,2.679,9.729,10.544
762,bore,May-14,M,33.5,0.94,0,2.118,9.493,9.959
763,bore,May-14,M,36.05,1.25,2,3.097,9.243,10.872
764,bore,May-14,M,44.85,2.94,2,3.691,12.365,16.12
765,bore,May-14,F,25.4,0.39,left,2.118,6.458,6.528
766,bore,May-14,F,32.9,0.88,left,2.043,8.631,8.901
767,bore,May-14,M,33.6,1.09,2,2.244,9.301,10.286
768,bore,May-14,F,27.2,0.5,2,2.043,6.662,7.057
769,bore,May-14,F,33.1,0.95,2,2.573,8.171,9.093
770,bore,May-14,M,39.45,1.88,2,3.558,11.201,12.584
771,bore,May-14,F,27.3,0.49,2,2.109,7.052,6.984
772,bore,May-14,M,41.1,2.15,0,2.979,10.756,14.168
773,bore,May-14,M,27.88,0.56,2,2.109,7.643,7.719
774,bore,May-14,F,37.1,1.26,0,2.438,9.493,10.476
775,bore,May-14,M,23.45,0.36,0,2.043,5.996,6.457
776,bore,May-14,F,35.3,1.16,right,2.635,8.972,10.22
777,bore,May-14,F,24.05,0.32,2,1.647,6.009,5.939
778,bore,May-14,M,27.25,0.5,2,2.087,7.382,7.313
779,bore,May-14,M,33.1,1.19,right,2.438,9.061,10.965
780,bore,May-14,M,29.45,0.6,2,2.57,8.835,8.437
781,bore,May-14,M,31.65,0.72,2,1.978,8.17,8.764
782,bore,May-14,M,35.35,1.4,2,2.57,10.365,10.97
783,bore,May-14,F,27.85,0.55,0,2.376,6.984,7.379
784,bore,May-14,M,41.8,2.12,right,3.429,11.666,14.232
785,bore,May-14,M,48.4,3.07,2,3.361,13.177,15.681
786,bore,May-14,M,27.6,0.45,2,2.112,6.677,7.342
787,bore,May-14,M,24,0.32,2,1.962,6.588,6.276
788,bore,May-14,F,30.75,0.65,2,2.395,7.152,7.398
789,bore,May-14,M,29.3,0.68,2,2.38,7.972,8.236
790,bore,May-14,F,40.8,1.94,2,3.097,11.266,12.521
791,bore,May-14,M,25.25,0.38,2,2.043,6.725,6.544
792,bore,May-14,F,35.6,1.16,right,2.57,9.427,10.182
793,bore,May-14,F,33.5,1.03,right,3.097,9.026,9.553
794,bore,May-14,M,41.9,2.03,2,3.099,10.609,14.037
795,bore,May-14,F,28.75,0.62,2,2.043,7.999,7.88
796,bore,May-14,M,33.05,0.95,2,2.635,8.635,9.502
797,bore,May-14,F,27.6,0.51,2,1.977,6.918,7.127
798,bore,May-14,M,41.65,2,0,3.229,10.878,13.111
799,bore,May-14,M,30.7,0.76,2,2.573,8.238,8.83
800,bore,May-14,F,32.4,0.88,left,2.419,8.786,9.049
801,bore,May-14,M,38.55,1.48,2,2.971,10.279,12.057
802,bore,May-14,M,28.85,0.71,2,2.452,7.781,9.187
803,bore,May-14,M,39.15,1.7,right,2.769,11.378,12.918
804,bore,May-14,M,29.95,0.84,2,2.507,8.082,9.268
805,bore,May-14,F,31.45,0.86,2,2.419,8.002,8.964
806,bore,May-14,F,31.5,0.78,2,2.461,8.565,8.523
807,bore,May-14,M,36.55,1.27,2,2.855,10.061,10.988
808,bore,May-14,M,40.95,2.11,left,3.294,11.158,13.925
809,bore,May-14,M,41.7,2.15,left,3.301,11.116,13.748
810,bore,May-14,M,23.7,0.33,2,1.889,6.204,6.255
811,bore,May-14,F,37.25,1.36,0,2.946,10.983,10.806
812,bore,May-14,F,27.75,0.47,2,2.163,7.16,7.204
813,bore,May-14,F,32.8,0.79,2,2.328,8.259,8.571
814,bore,May-14,M,44.75,2.6,2,3.558,12.85,14.759
815,bore,May-14,M,29.05,0.54,left,2.284,7.863,7.862
816,bore,May-14,F,27.35,0.43,2,2.021,7.584,6.824
817,bore,May-14,F,33.25,0.92,2,2.637,9.005,9.356
818,bore,May-14,F,30.95,0.72,2,2.504,8.82,8.796
819,bore,May-14,F,38,1.55,2,2.944,9.955,11.191
820,bore,May-14,M,47.15,2.77,2,3.887,12.876,15.228
821,bore,May-14,M,47.93,2.95,2,3.272,13.442,15.947
822,bore,May-14,F,34.05,0.98,2,2.328,8.745,9.619
823,bore,May-14,M,35.15,1.16,right,2.535,9.45,10.811
824,bore,May-14,F,33.7,1.04,0,2.767,9.056,9.685
825,bore,May-14,M,43.4,2.38,0,3.436,12.128,14.632
826,bore,May-14,M,28.1,0.45,2,2.262,6.999,7.313
827,bore,May-14,F,27.55,0.53,2,2.284,7.559,7.381
828,bore,May-14,F,33.1,0.99,0,2.373,9.05,9.731
829,bore,May-14,M,40.3,1.91,2,3.294,11.467,12.927
830,bore,May-14,F,33.35,0.84,2,2.461,8.853,8.969
831,bore,May-14,M,35.5,1.24,2,2.811,10.272,11.157
832,bore,May-14,M,41.7,2.03,2,3.361,11.596,12.455
833,bore,May-14,M,31.6,0.87,2,2.387,9.098,9.708
834,bore,May-14,M,34,1.16,0,2.636,9.849,10.611
835,bore,May-14,F,38.9,1.48,2,2.695,10.018,11.07
836,bore,May-14,M,31.6,0.93,2,2.709,10.031,10.266
837,bore,May-14,F,29.6,0.67,2,2.479,8.399,8.697
838,bore,May-14,M,38.65,1.53,2,3.132,10.166,11.554
839,bore,May-14,M,34.55,0.9,2,2.417,9.397,9.228
840,bore,May-14,M,37.45,1.55,2,2.702,10.957,12.009
841,bore,May-14,M,27.1,0.48,2,2.382,7.16,7.599
842,bore,May-14,M,42.6,2.33,0,3.305,12.784,14.257
843,bore,May-14,M,45.4,2.79,left,3.497,13.846,15.408
844,bore,May-14,M,36.45,1.22,2,2.834,11.531,11.465
845,bore,May-14,F,32.8,0.96,2,2.504,8.699,9.559
846,bore,May-14,F,32.2,0.85,left,2.569,8.104,8.83
847,bore,May-14,M,27.95,0.57,2,2.33,7.557,8.082
848,bore,May-14,F,25.8,0.59,2,1.889,6.638,6.526
849,bore,May-14,F,29.35,0.66,2,2.2,7.423,8.046
850,bore,May-14,M,43.35,2.35,2,3.206,14.144,15.2
851,bore,May-14,F,31.05,0.75,0,2.548,8.613,8.654
852,bore,May-14,M,31.95,0.79,2,2.463,9.241,9.166
853,bore,May-14,F,23.7,0.32,2,2.008,6.422,6.157
854,bore,May-14,F,41.5,1.74,2,3.075,12.694,12.173
855,bore,May-14,F,32.8,0.91,2,2.725,9.094,9.4
856,bore,May-14,M,25.2,0.39,0,2.081,6.809,7.031
857,bore,May-14,F,29.75,0.59,2,2.637,8.853,7.95
858,bore,May-14,M,39.8,1.92,2,2.645,12.169,13.71
859,bore,May-14,M,28.15,0.51,2,2.044,7.004,7.819
860,bore,May-14,M,27.4,0.52,right,2.244,7.775,7.954
861,bore,May-14,F,33.5,0.78,2,2.601,9.469,8.729
862,bore,May-14,M,25.2,0.39,2,1.935,7.247,6.722
863,bore,May-14,F,24.45,0.33,2,2.108,6.766,6.282
864,bore,May-14,M,32.2,0.76,2,2.461,9.004,9.096
865,bore,May-14,F,26,0.47,2,2.33,7.467,7.688
866,bore,May-14,F,23.55,0.33,left,2.02,6.291,6.384
867,bore,May-14,M,41.25,2.14,0,3.47,13.356,14.514
868,bore,May-14,M,30.45,0.71,2,2.416,8.697,8.53
869,bore,May-14,M,38.75,1.69,left,2.995,11.4,13.309
870,bore,May-14,M,18.75,0.17,0,1.786,5.359,5.302
871,bore,May-14,F,34.35,1.07,2,2.872,8.829,9.447
872,bore,May-14,M,35,1.31,0,2.714,9.488,10.878
873,bore,May-14,F,36.6,1.25,2,3.196,10.683,10.476
874,bore,May-14,M,37.7,1.62,left,3.031,10.478,11.6
875,bore,May-14,M,26.55,0.42,0,2.188,6.866,6.882
876,bore,May-14,M,35.4,1.21,right,2.918,9.818,10.805
877,bore,May-14,F,31.45,0.75,2,2.481,8.374,8.829
878,bore,May-14,F,30.55,0.68,left,2.485,8.128,8.082
879,bore,May-14,F,26,0.44,2,1.914,7.511,6.942
880,bore,May-14,F,39.9,1.77,0,3.379,10.547,11.686
881,bore,May-14,M,38.45,1.8,2,3.206,11.863,13.09
882,bore,May-14,F,28.75,0.59,2,2.109,7.247,7.599
883,bore,May-14,F,29.7,0.65,0,2.249,8.442,8.082
884,bore,May-14,M,38.55,1.84,right,3.257,11.465,13.31
885,bore,May-14,F,29.2,0.73,2,2.855,8.529,8.614
886,bore,May-14,M,34.4,1.24,2,2.987,10.331,11.447
887,bore,May-14,M,33.65,1.02,2,2.855,9.405,10.105
888,bore,May-14,F,25.95,0.41,2,2.181,6.949,7.028
889,bore,May-14,M,29.6,0.73,2,2.435,8.655,9.061
890,bore,May-14,F,30.3,0.68,2,2.435,8.537,8.391
891,bore,May-14,M,34.7,1.09,2,2.811,10.206,10.832
892,bore,May-14,F,32.25,0.75,2,2.426,8.61,8.614
893,bore,May-14,F,39,1.71,2,2.982,10.982,11.685
894,bore,May-14,F,24.1,0.32,2,2.022,6.767,6.247
895,bore,May-14,F,26,0.46,2,1.982,7.036,7.028
896,bore,May-14,F,27.05,0.53,left,2.152,7.918,7.011
897,bore,May-14,F,27.95,0.55,2,2.373,8.829,7.863
898,bore,May-14,M,33.5,0.99,2,3.165,9.866,10.191
899,bore,May-14,M,45.2,2.78,2,3.426,13.404,15.373
900,bore,May-14,F,27,0.47,2,2.108,7.76,7.526
901,bore,May-14,F,32.9,0.88,0,2.416,9.531,9.268
902,bore,May-14,M,29.7,0.62,0,2.112,7.775,8.433
903,bore,May-14,F,27.5,0.51,2,2.196,7.878,7.584
904,bore,May-14,F,23.45,0.25,2,1.992,6.297,5.71
905,bore,May-14,F,24.1,0.33,0,1.801,6.281,6.327
906,bore,May-14,F,39.9,1.83,2,3.426,12.477,12.562
907,bore,May-14,M,31.25,0.65,2,2.592,8.521,8.391
908,bore,May-14,F,29.4,0.59,left,2.24,7.818,7.734
909,bore,May-14,M,33.45,1,2,2.46,9.972,9.84
910,bore,May-14,M,30.1,0.68,2,2.46,8.389,8.258
911,bore,May-14,F,34.15,0.98,2,2.372,9.048,9.313
912,bore,May-14,M,37.7,1.81,right,3.252,12.146,13.281
913,bore,May-14,M,33.65,1,2,2.548,10.016,10.542
914,bore,May-14,M,29.8,0.58,2,2.306,8.566,8.083
915,bore,May-14,M,38.9,1.72,0,3.251,11.508,13.003
916,bore,May-14,M,33.15,0.83,2,2.251,9.245,9.17
917,bore,May-14,F,29.9,0.58,2,2.021,8.346,7.731
918,bore,May-14,F,29.35,0.56,2,2.242,8.522,7.556
919,bore,May-14,M,33.25,0.86,2,2.812,9.312,9.665
920,bore,May-14,F,28.1,0.57,2,2.064,7.907,7.602
921,bore,May-14,M,28.5,0.61,2,2.066,7.182,7.689
922,bore,May-14,F,34.55,0.99,0,2.767,9.364,9.561
923,bore,May-14,M,32.7,0.91,2,2.332,9.143,9.703
924,bore,May-14,M,41.05,1.99,right,2.911,12.298,14.056
925,bore,May-14,M,42.5,2.24,2,3.163,12.386,14.627
926,bore,May-14,M,28.25,0.6,2,2.109,7.826,7.921
927,bore,May-14,M,28.65,0.57,2,2.02,8.436,7.954
928,bore,May-14,F,33.3,0.98,2,2.378,9.226,8.962
929,bore,May-14,M,41.95,2.29,2,3.361,11.804,13.995
930,bore,May-14,F,37.3,1.29,2,3.031,9.489,10.344
931,bore,May-14,F,33.8,0.93,0,2.812,9.487,9.356
932,bore,May-14,F,33.9,0.99,2,2.768,8.916,9.27
933,bore,May-14,F,27.35,0.47,2,2.064,7.249,7.028
934,bore,May-14,M,33.1,0.85,2,2.24,9.421,9.427
935,bore,May-14,M,34.85,1.14,0,2.637,10.021,10.91
936,bore,May-14,M,25.3,0.47,2,1.977,7.69,7.429
937,bore,May-14,F,28.2,0.47,2,1.801,7.996,7.379
938,bore,May-14,M,37.45,1.45,2,2.504,10.344,11.401
939,bore,May-14,M,34.15,0.98,2,2.636,10.288,10.212
940,bore,May-14,M,25.65,0.37,right,1.933,6.727,6.591
941,bore,May-14,F,36.45,1.25,2,3.034,10.188,10.815
942,bore,May-14,M,39.5,1.58,0,3.075,11.599,11.95
943,bore,May-14,M,35.7,1.07,2,2.636,9.555,10.678
944,bore,May-14,F,34.3,0.94,2,2.569,9.959,9.096
945,bore,May-14,F,25.2,0.35,right,2.022,6.896,6.194
946,bore,May-14,M,28.9,0.59,2,2.286,7.818,8.082
947,bore,May-14,M,43.35,2.37,0,3.338,13.016,14.336
948,bore,May-14,M,35.7,1.16,2,2.554,9.579,10.457
949,bore,May-14,M,27.95,0.52,2,2.466,8.17,7.732
950,bore,May-14,F,27.3,0.52,2,1.847,7.335,7.338
951,bore,May-14,F,35.1,1.07,2,2.68,9.752,9.84
952,bore,May-14,M,45.25,2.37,0,2.965,12.848,15.615
953,bore,May-14,F,28.7,0.95,left,2.337,8.609,9.008
954,bore,May-14,F,32.5,0.81,left,2.196,8.962,8.61
955,bore,May-14,F,26.6,0.42,2,2.167,7.555,6.881
956,bore,May-14,M,29,0.66,2,2.577,9.373,8.756
957,bore,May-14,F,31.5,0.61,2,2.461,9.487,7.82
958,bore,May-14,F,26.3,0.33,left,1.816,6.998,6.621
959,bore,May-14,F,26.25,0.41,0,1.845,7.467,6.944
960,bore,May-14,M,32.35,0.82,2,2.899,9.707,8.917
961,bore,May-14,F,31.1,0.73,right,2.606,8.902,8.493
962,bore,May-14,F,28.05,0.52,0,2.196,7.907,7.47
963,bore,May-14,F,30,0.62,right,2.46,8.17,8.042
964,bore,May-14,M,31.7,0.77,2,2.417,9.049,8.96
965,bore,May-14,M,36.95,1.04,2,2.592,10.41,10.476
966,bore,May-14,F,30.45,0.63,2,2.241,8.346,7.862
967,bore,May-14,M,29.45,0.68,left,2.241,8.302,8.61
968,bore,May-14,F,40.25,1.6,2,3.207,11.42,11.863
969,bore,May-14,M,43.35,2.67,2,3.69,13.178,15.286
970,bore,May-14,M,39,1.31,2,2.899,10.498,11.032
971,bore,May-14,F,24.65,0.34,2,1.904,6.503,6.091
972,bore,May-14,M,33.3,1.01,0,2.636,9.839,10.019
973,bore,May-14,M,44.9,2.03,2,3.294,13.113,14.105
974,bore,May-14,M,28.7,0.62,0,2.431,8.58,8.316
975,bore,May-14,M,34.1,1.09,2,2.591,10.322,10.328
976,bore,May-14,F,39.3,1.65,2,3.47,11.947,11.733
977,bore,May-14,M,40.85,1.74,2,3.275,12.255,13.177
978,bore,May-14,F,36.7,1.4,left,3.294,11.377,11.162
979,bore,May-14,F,29.75,0.58,0,2.284,8.258,7.82
980,bore,May-14,F,28.7,0.55,2,2.153,8.126,7.336
981,bore,May-14,M,26.4,0.41,2,2.138,7.643,7.059
982,bore,May-14,F,27.9,0.5,2,2.05,7.994,7.438
983,bore,May-14,M,42.6,2.14,0,2.834,11.135,13.578
984,bore,May-14,F,30.45,0.58,2,2.064,7.906,7.424
985,bore,May-14,F,33.1,0.85,right,2.548,9.079,8.551
986,bore,May-14,M,30.3,0.52,2,2.438,8.016,7.841
987,bore,May-14,F,23.15,0.24,2,1.874,6.121,5.595
988,bore,May-14,M,34.1,0.77,2,2.416,9.575,9.444
989,bore,May-14,M,35.1,1.1,0,3.031,10.688,10.893
990,bore,May-14,F,31.15,0.82,2,2.591,9.443,9.049
991,bore,May-14,M,19.8,0.15,right,1.698,5.93,4.832
992,bore,May-14,F,27.1,0.47,0,2.138,7.394,7.057
993,bore,May-14,M,33.75,1.09,2,2.577,9.356,10.19
994,bore,May-14,F,21.15,0.2,2,1.889,5.999,5.212
995,bore,May-14,F,26.4,0.37,2,2.035,7.13,6.743
996,bore,May-14,M,43.15,1.8,2,,,
997,bore,May-14,M,26.6,0.45,2,2.24,7.116,7.116
998,bore,May-14,M,31.5,0.62,left,2.401,9.291,8.668
999,bore,May-14,M,32.25,0.75,0,2.401,8.787,8.981
1000,bore,May-14,M,40.45,2.01,0,3.033,11.662,13.738
1001,bore,May-14,F,25.05,0.32,2,2.035,6.654,6.435
1002,bore,May-14,F,33.35,0.79,left,2.665,9.092,8.543
1003,bore,May-14,M,32.8,0.87,left,2.577,8.961,9.422
1004,bore,May-14,M,22.45,0.31,2,2.02,6.794,6.398
1005,bore,May-14,F,43.8,2.09,2,3.404,12.123,12.186
1006,bore,May-14,M,42.7,1.87,0,2.965,11.679,13.595
1007,bore,May-14,F,29,0.53,0,2.373,8.042,7.402
1008,bore,May-14,M,38.8,1.54,right,3.119,10.915,12.255
1009,bore,May-14,M,38.4,1.52,2,2.746,10.239,12.344
1010,bore,May-14,M,44.85,2.25,right,3.119,13.06,14.173
1011,bore,May-14,M,40.15,1.47,left,2.723,11.073,11.443
1012,bore,May-14,F,29.35,0.57,2,2.225,8.082,7.886
1013,bore,May-14,F,31.8,0.75,2,2.65,9.297,8.73
1014,bore,May-14,M,37.7,1.27,2,2.987,10.74,11.114
1015,bore,May-14,F,27.25,0.39,2,2.064,6.874,6.654
1016,bore,May-14,M,31.1,0.79,2,2.548,8.763,9.092
1017,bore,May-14,F,31.2,0.73,right,2.593,8.375,8.639
1018,bore,May-14,F,24.9,0.36,right,2.086,6.874,6.479
1019,bore,May-14,F,29.4,0.64,2,2.747,8.675,8.126
1020,bore,May-14,F,38.2,1.24,2,2.944,9.955,10.257
1021,bore,May-14,M,32,0.73,0,2.108,9.004,8.477
1022,bore,May-14,F,29.25,0.51,2,2.196,7.32,7.072
1023,bore,May-14,F,38.45,1.27,0,3.228,9.839,10.498
1024,bore,May-14,F,41.6,1.81,2,3.141,11.386,11.824
1025,bore,May-14,M,31.3,0.78,2,2.431,8.653,9.019
1026,bore,May-14,F,23.65,0.3,2,2.163,6.325,6.065
1027,bore,May-14,M,43.35,2.48,2,3.231,12.981,14.761
1028,bore,May-14,F,35,0.89,2,2.504,9.225,9.553
1029,bore,May-14,M,22.05,0.22,right,1.874,6.003,5.769
1030,bore,May-14,M,43.35,1.91,0,2.987,11.605,13.249
1031,bore,May-14,M,40.8,1.5,0,3.08,10.899,12.584
1032,bore,May-14,F,24.75,0.32,left,1.991,6.471,6.091
1033,bore,May-14,M,26.85,0.36,2,2.238,7.031,6.709
1034,bore,May-14,F,38.5,1.55,left,3.119,9.982,11.157
1035,bore,May-14,F,26.2,0.45,0,2.316,7.469,6.973
1036,bore,May-14,M,30.95,0.7,2,2.52,8.287,8.522
1037,bore,May-14,F,27.35,0.43,2,2.159,7.911,7.208
1038,bore,May-14,M,29.05,0.59,2,2.33,8.219,8.434
1039,bore,May-14,F,25.7,0.34,2,2.021,6.999,6.296
1040,bore,May-14,M,39.4,1.48,2,2.882,10.763,11.778
1041,bore,May-14,M,46.95,2.94,2,3.575,13.144,16.296
1042,bore,May-14,M,37.1,1.41,2,2.855,10.234,11.511
1043,bore,May-14,F,32.25,0.82,2,2.554,8.612,8.875
1044,bore,May-14,M,37.5,1.4,2,2.701,10.74,11.268
1045,bore,May-14,M,32.7,0.85,2,2.46,8.789,9.229
1046,bore,May-14,M,36.85,1.55,2,3.172,11.79,12.915
1047,bore,May-14,F,32.55,0.9,2,2.758,8.971,9.292
1048,river,May-14,M,49.6,4.02,2,3.821,15.155,20.296
1049,river,May-14,M,30.15,0.99,2,2.507,8.618,9.928
1050,river,May-14,F,39,1.6,2,2.769,9.272,11.113
1051,river,May-14,F,29.4,0.61,2,2.255,7.789,7.645
1052,river,May-14,M,38.25,1.36,2,2.768,10.322,10.767
1053,river,May-14,M,40.5,2.23,2,2.904,12.134,13.75
1054,river,May-14,M,38.3,1.48,2,2.946,10.279,10.982
1055,river,May-14,F,36.6,1.43,2,2.992,10.455,10.99
1056,river,May-14,M,44.15,2.69,2,3.295,11.332,15.287
1057,river,May-14,M,47.75,2.95,2,3.692,13.443,16.436
1058,river,May-14,F,35.65,1.21,2,2.398,9.143,10.065
1059,river,May-14,F,37.05,1.25,2,2.992,10.498,11.026
1060,river,May-14,F,39.65,1.83,2,3.302,11.366,12.474
1061,river,May-14,F,40.35,1.58,2,2.811,10.893,11.772
1062,river,May-14,F,51.25,2.78,2,4.087,13.639,16.147
1063,river,May-14,F,36.75,1.3,2,2.68,9.005,10.894
1064,river,May-14,F,34.5,0.98,2,2.68,9.626,9.663
1065,river,May-14,F,30.25,0.57,2,2.197,7.599,8
1066,river,May-14,F,28.3,0.52,2,2.197,7.292,7.336
1067,river,May-14,M,33.5,1.21,2,3.251,9.798,11.2
1068,river,May-14,M,38,1.41,2,2.946,9.927,11.729
1069,river,May-14,F,45.25,2.49,2,3.69,12.65,14.309
1070,river,May-14,F,36.65,1.2,2,2.855,10.058,10.059
1071,river,May-14,M,42.65,2.28,2,3.382,11.875,14.54
1072,river,May-14,F,31.6,0.84,2,2.416,8.481,8.92
1073,river,May-14,F,38.15,1.55,left,3.514,10.675,11.56
1074,river,May-14,M,40.25,2.08,2,3.165,11.689,13.572
1075,river,May-14,F,39.65,1.78,2,3.207,10.894,12.08
1076,river,May-14,F,43,2.35,2,3.514,12.343,13.674
1077,river,May-14,F,40.05,2.02,2,2.987,11.292,12.968
1078,river,May-14,F,39.45,1.72,2,3.207,10.719,11.903
1079,river,May-14,M,38.5,1.4,2,2.855,10.465,11.378
1080,river,May-14,M,41.9,2.27,2,2.855,11.736,14.495
1081,river,May-14,M,47.95,3.48,2,3.563,14.046,17.204
1082,river,May-14,M,45,2.98,2,2.965,12.386,15.88
1083,river,May-14,F,47.25,2.35,2,3.427,12.321,13.243
1084,river,May-14,F,41.35,1.87,2,3.099,11.668,12.386
1085,river,May-14,F,38.2,1.32,2,3.366,11.081,10.834
1086,river,May-14,F,25.9,0.36,2,1.806,6.545,6.233
1087,river,May-14,M,49.85,4.26,2,3.888,14.891,19.371
1088,river,May-14,M,41.7,1.99,2,3.162,11.728,12.387
1089,river,May-14,F,44.05,2.32,2,2.845,12.321,13.97
1090,river,May-14,M,45.5,3.07,2,3.758,13.704,16.873
1091,river,May-14,M,41.45,2.41,2,3.097,12.651,15.286
1092,river,May-14,M,39.1,1.65,2,3.034,9.949,12.257
1093,river,May-14,F,37.4,1.37,2,3.295,10.542,11.927
1094,river,May-14,F,35.8,1.32,2,2.767,10.02,10.874
1095,river,May-14,F,42.6,1.97,2,2.966,11.401,12.522
1096,river,May-14,F,36.05,1.25,2,3.031,10.22,10.806
1097,river,May-14,F,33,0.89,2,2.704,8.769,8.765
1098,river,May-14,F,32.75,0.89,2,2.636,9.03,9.17
1099,river,May-14,F,45.8,2.31,2,3.25,13.006,13.882
1100,river,May-14,F,39.4,1.53,2,2.811,10.608,11.332
1101,river,May-14,F,39.8,1.67,2,3.163,11.861,12.126
1102,river,May-14,F,23.05,0.24,2,2.109,6.413,5.975
1103,river,May-14,F,36.95,1.31,2,2.746,10.192,10.501
1104,river,May-14,M,41.55,2.12,2,3.162,11.004,13.68
1105,river,May-14,F,27.05,0.49,2,2.256,7.38,7.605
1106,river,May-14,M,46.7,2.87,2,3.492,12.861,15.746
1107,river,May-14,F,37.65,1.22,2,2.833,10.815,10.876
1108,river,May-14,M,30.45,0.73,2,2.241,8.242,8.829
1109,river,May-14,F,41.25,1.8,2,2.899,11.334,12.191
1110,river,May-14,F,32.95,0.81,2,2.504,8.238,8.831
1111,river,May-14,M,42.45,2.1,2,3.366,11.73,13.249
1112,river,May-14,F,34.35,1.07,2,2.836,9.433,9.949
1113,river,May-14,M,27.3,0.57,2,2.438,7.85,8.174
1114,river,May-14,F,34.45,1.1,2,2.836,10.212,10.349
1115,river,May-14,F,35.1,1.04,2,2.507,8.633,9.625
1116,river,May-14,M,40.8,2.14,2,3.361,11.201,14.628
1117,river,May-14,F,41,1.7,2,2.702,10.086,11.663
1118,river,May-14,F,37.35,1.37,2,3.294,10.607,11.072
1119,river,May-14,M,45.45,2.64,2,3.231,13.051,16.01
1120,river,May-14,M,30.05,0.72,2,1.846,8.308,9.162
1121,river,May-14,F,37.4,1.32,2,3.162,10.014,11.004
1122,river,May-14,F,35.9,1.55,2,2.768,10.152,11.728
1123,river,May-14,M,39.45,2,2,3.36,11.135,13.599
1124,river,May-14,F,37.5,1.4,2,2.836,9.883,10.739
1125,river,May-14,F,27.35,0.43,2,2.108,6.86,7.118
1126,river,May-14,F,43.1,2.29,2,3.492,12.261,14.364
1127,river,May-14,M,37.8,1.45,2,3.252,10.106,11.937
1128,river,May-14,F,40.1,1.68,2,3.162,11.398,12.061
1129,river,May-14,M,43.15,2.32,2,3.162,12.335,14.959
1130,river,May-14,F,40.68,1.45,2,2.966,10.413,12.057
1131,river,May-14,F,28.75,0.56,2,2.241,7.644,7.788
1132,river,May-14,M,45,2.59,2,3.558,13.529,16.142
1133,river,May-14,F,40.85,1.79,2,2.702,10.807,12.306
1134,river,May-14,F,34.25,0.91,2,2.441,8.961,9.43
1135,river,May-14,F,44,2.47,2,3.163,12.584,14.112
1136,river,May-14,F,43.2,2.14,2,3.427,12.389,13.446
1137,river,May-14,M,32.45,0.71,2,2.439,8.701,8.961
1138,river,May-14,M,36,1.3,2,2.507,9.831,10.891
1139,river,May-14,F,43.7,1.96,2,2.899,11.728,12.651
1140,river,May-14,M,38.7,1.58,2,3.031,11.531,12.058
1141,river,May-14,F,37.9,1.54,2,2.976,11.403,11.802
1142,river,May-14,F,36.8,1.29,2,3.163,10.947,10.839
1143,river,May-14,M,42.4,1.94,2,3.492,12.679,13.553
1144,river,May-14,F,40,1.89,2,2.882,11.027,12.256
1145,river,May-14,M,37.2,1.35,2,2.991,10.214,10.884
1146,river,May-14,F,34.1,0.97,2,2.546,8.701,9.159
1147,river,May-14,F,37.4,1.46,2,3.031,10.014,11.337
1148,river,May-14,M,41.6,2.21,2,3.162,11.794,13.712
1149,river,May-14,F,28.9,0.62,2,2.064,7.818,8.39
1150,river,May-14,M,36.1,1.36,2,2.902,10.988,11.61
1151,river,May-14,M,32.2,0.93,2,2.645,8.917,9.751
1152,river,May-14,F,30.45,0.66,2,2.416,8.346,8.477
1153,river,May-14,M,40.85,2.08,2,3.164,11.377,14.102
1154,river,May-14,M,42.6,2.37,2,3.69,13.135,15.251
1155,river,May-14,F,35.65,1.15,2,2.968,9.621,9.831
1156,river,May-14,M,48.25,4.06,2,3.228,12.856,17.956
1157,river,May-14,F,39.35,1.44,2,3.229,10.217,11.539
1158,river,May-14,M,33.7,1.09,2,2.767,9.359,10.226
1159,river,May-14,M,46.2,2.87,2,3.954,13.664,16.909
1160,river,May-14,F,38,1.28,2,2.708,9.619,10.542
1161,river,May-14,M,28.7,0.56,2,2.178,7.384,7.843
1162,river,May-14,F,39.8,1.62,2,3.294,10.545,11.4
1163,river,May-14,F,31.4,0.8,2,2.241,7.843,9.042
1164,river,May-14,F,40.3,1.58,2,2.636,10.223,11.665
1165,river,May-14,F,42.5,1.96,2,3.229,11.796,12.85
1166,river,May-14,F,35.3,1.24,2,2.701,9.686,10.361
1167,river,May-14,F,44.1,2.25,2,3.163,12.255,13.181
1168,river,May-14,F,36.1,1.39,2,2.968,10.281,10.675
1169,river,May-14,F,26.8,0.52,2,2.241,7.379,7.515
1170,river,May-14,F,38.05,1.6,2,2.902,10.314,11.611
1171,river,May-14,F,45.9,2.58,2,3.888,13.761,15.145
1172,river,May-14,M,41.55,1.9,2,3.165,11.596,13.047
1173,river,May-14,F,38.65,1.55,2,2.636,10.278,11.273
1174,river,May-14,M,44.9,2.49,2,2.902,12.124,15.091
1175,river,May-14,F,38.25,1.58,2,2.906,10.212,11.531
1176,river,May-14,F,38.8,1.54,2,3.034,10.872,11.466
1177,river,May-14,M,48.8,3.56,2,3.514,12.793,17.162
1178,river,May-14,F,25.9,0.34,2,1.977,6.37,6.325
1179,river,May-14,F,32.85,0.84,2,2.373,8.434,9.49
1180,river,May-14,F,32.8,0.99,2,2.372,8.96,9.4
1181,river,May-14,F,38.15,1.48,2,2.811,10.808,11.377
1182,river,May-14,F,41.15,1.79,2,3.034,10.893,11.968
1183,river,May-14,M,51.25,3.59,2,4.225,14.064,19.042
1184,river,May-14,M,43.35,2.52,2,3.097,12.124,15.289
1185,river,May-14,F,38.45,1.39,2,2.965,9.553,10.807
1186,river,May-14,M,43.9,2.45,2,3.099,12.552,16.75
1187,river,May-14,F,37,1.09,2,2.702,9.828,9.696
1188,river,May-14,F,37.75,1.31,2,2.635,8.962,10.016
1189,river,May-14,M,47.75,3.3,2,3.297,13.903,17.196
1190,river,May-14,F,38.5,1.78,2,2.968,10.146,12.269
1191,river,May-14,F,37.25,1.37,2,2.708,10.41,11.084
1192,river,May-14,F,26.35,0.47,2,1.846,6.852,7.258
1193,river,May-14,F,38.25,1.22,2,3.097,9.557,10.278
1194,river,May-14,F,36.4,1.24,2,2.57,9.094,10.028
1195,river,May-14,F,43.4,2,2,2.965,10.344,12.057
1196,river,May-14,F,33.7,0.92,2,2.241,8.236,8.832
1197,river,May-14,M,44.4,2.52,2,3.231,11.794,14.959
1198,river,May-14,F,42.3,2.11,0,3.294,11.069,12.718
1199,river,May-14,F,40.3,1.91,2,2.591,11.903,12.43
1200,river,May-14,F,43.15,1.98,2,3.031,12.3,12.869
1201,river,May-14,M,37.5,1.28,2,2.679,11.508,11.728
1202,river,May-14,F,38.95,1.66,2,2.943,10.981,12.211
1203,river,May-14,F,40,1.52,2,2.461,11.117,11.86
1204,river,May-14,F,37.95,1.33,2,2.987,11.156,10.629
1205,river,May-14,F,41.45,2,2,2.988,12.475,12.694
1206,river,May-14,M,32.35,0.95,2,2.679,10.058,9.707
1207,river,May-14,M,45.6,2.28,2,3.558,14.758,14.495
1208,river,May-14,F,25.7,0.4,2,1.815,7.467,7.116
1209,river,May-14,F,44.1,2.29,2,2.988,13.402,13.616
1210,river,May-14,F,41.65,1.92,2,2.855,11.64,12.299
1211,river,May-14,F,36.55,1.32,2,2.548,10.763,10.805
1212,river,May-14,F,37,1.28,2,2.679,11.596,11.069
1213,river,May-14,M,42.05,1.95,2,2.899,11.991,13.265
1214,river,May-14,M,37.65,1.63,2,3.119,12.386,12.65
1215,river,May-14,F,38.25,1.64,2,2.855,11.596,12.079
1216,river,May-14,F,41.15,1.93,2,2.943,12.079,12.957
1217,river,May-14,M,32.55,0.77,2,2.416,9.531,8.477
1218,river,May-14,F,41,1.74,2,2.899,11.332,11.991
1219,river,May-14,F,33.1,0.87,2,2.591,9.224,9.048
1220,river,May-14,F,41.05,1.56,2,3.162,12.694,12.079
1221,river,May-14,F,42.8,1.94,2,3.119,12.211,12.957
1222,river,May-14,F,31.2,0.84,2,2.504,9.531,8.829
1223,river,May-14,F,40.35,1.68,2,2.855,11.288,12.167
1224,river,May-14,F,48.75,3,2,3.821,14.692,15.022
1225,river,May-14,F,38.1,1.41,2,2.987,10.849,11.113
1226,river,May-14,F,38.2,1.55,2,3.075,11.991,11.596
1227,river,May-14,M,44.95,2.63,2,3.119,13.221,15.505
1228,river,May-14,F,40.9,2.11,2,2.899,11.73,12.869
1229,river,May-14,F,35.35,1.01,2,2.635,10.234,10.058
1230,river,May-14,M,41.45,2.21,2,2.987,12.474,14.275
1231,river,May-14,M,32.3,0.91,2,2.635,9.4,9.751
1232,river,May-14,M,45.2,2.75,2,3.47,14.363,15.768
1233,river,May-14,M,46.5,3.03,2,3.075,13.484,16.91
1234,river,May-14,M,34.9,1.2,2,2.504,10.542,11.376
1235,river,May-14,F,33.6,0.98,2,2.723,9.707,9.795
1236,river,May-14,F,36,1.25,2,2.987,11.113,11.244
1237,river,May-14,F,41,1.89,2,3.47,12.167,12.123
1238,river,May-14,F,30.55,0.69,2,2.431,9.37,8.463
1239,river,May-14,F,40.25,1.63,2,3.075,13.089,12.211
1240,river,May-14,F,35.05,1.14,2,2.328,10.146,10.366
1241,river,May-14,F,38.7,1.54,2,2.811,11.157,10.981
1242,river,May-14,F,35,1.07,2,2.855,11.113,10.585
1243,river,May-14,F,44.2,2.31,2,3.206,13.88,13.88
1244,river,May-14,M,49.45,3.41,2,3.294,16.144,18.382
1245,river,May-14,M,30.75,0.72,2,2.373,8.763,8.763
1246,river,May-14,F,31.15,0.8,2,2.24,8.565,9.026
1247,river,May-14,M,36.1,1.2,2,2.635,10.805,10.454
1248,river,May-14,F,39.6,1.68,2,2.987,10.717,11.596
1249,river,May-14,F,46,2.58,2,3.514,13.529,14.758
1250,river,May-14,F,38.95,1.39,2,2.987,10.805,10.893
1251,river,May-14,F,43.25,1.89,2,3.075,12.212,12.474
1252,river,May-14,F,38.6,1.53,2,3.162,10.63,11.947
1253,river,May-14,F,42.6,2.31,2,2.987,13.704,13.616
1254,river,May-14,M,33.35,1.11,2,2.46,10.805,10.629
1255,river,May-14,F,39.45,1.77,2,2.988,11.684,12.475
1256,river,May-14,M,30.05,0.57,2,2.401,8.082,7.906
1257,river,May-14,F,36.35,1.24,2,2.899,10.278,10.893
1258,river,May-14,M,40.9,2.1,2,3.075,11.069,13.528
1259,river,May-14,F,43.5,2.09,2,2.987,11.903,13.177
1260,river,May-14,M,42.3,2.61,2,3.25,12.474,14.626
1261,river,May-14,M,32.95,0.95,2,2.46,8.916,9.136
1262,river,May-14,M,35.7,1.3,2,2.723,9.312,10.673
1263,river,May-14,M,35.6,1.11,2,2.899,9.927,10.41
1264,river,May-14,M,37.55,1.77,2,2.987,11.025,12.738
1265,river,May-14,F,39.7,1.61,2,3.031,11.332,11.991
1266,river,May-14,F,45.4,2.66,2,3.031,13.792,14.67
1267,river,May-14,F,41.95,1.93,2,2.899,10.849,12.211
1268,river,May-14,F,42.9,2.16,2,3.206,12.43,13.221
1269,river,May-14,F,39,1.48,2,2.899,10.849,11.288
1270,river,May-14,F,41.75,1.78,2,3.075,11.552,12.167
1271,river,May-14,F,33.65,0.84,2,2.504,9.092,9.224
1272,river,May-14,M,41.35,2.18,2,2.767,11.64,14.012
1273,river,May-14,F,28.45,0.61,2,2.167,7.789,7.672
1274,river,May-14,F,25.85,0.41,2,2.079,7.086,6.852
1275,river,May-14,F,40.5,1.93,2,2.899,11.991,12.738
1276,river,May-14,F,37.65,1.4,2,2.855,10.673,11.464
1277,river,May-14,F,35.7,1.12,2,2.591,9.531,10.366
1278,river,May-14,F,33.2,1.08,2,2.899,9.443,9.883
1279,river,May-14,M,31.4,0.79,2,2.416,8.565,8.916
1280,river,May-14,F,40.2,1.71,2,2.723,11.508,12.211
1281,river,May-14,M,29,0.69,2,2.284,8.55,8.697
1282,river,May-14,M,45.5,2.68,2,3.382,12.43,14.809
1283,river,May-14,F,29.6,0.66,2,2.306,7.841,8.038
1284,river,May-14,F,40.8,1.88,2,3.097,11.727,11.727
1285,river,May-14,F,40.45,1.88,2,3.031,12.255,12.979
1286,river,May-14,M,44.75,2.71,2,3.228,12.848,15.747
1287,river,May-14,M,44.85,2.47,2,2.701,12.65,15.088
1288,river,May-14,M,39.95,1.81,2,2.833,11.86,13.046
1289,river,May-14,M,38.65,1.64,2,2.899,10.739,12.847
1290,river,May-14,F,23.3,0.28,2,1.801,6.018,5.93
1291,river,May-14,M,39.9,1.78,2,2.833,11.2,12.716
1292,river,May-14,F,37.8,1.38,2,2.701,9.488,10.673
1293,river,May-14,F,38.55,1.43,2,2.635,10.278,10.673
1294,river,May-14,F,28.05,0.54,2,2.152,7.994,7.906
1295,river,May-14,F,40.6,1.72,2,2.855,10.674,11.727
1296,river,May-14,F,38.65,1.55,2,2.593,9.708,11.245
1297,river,May-14,F,30.85,0.73,2,2.24,7.643,8.126
1298,river,May-14,M,35,1.34,2,2.635,10.058,11.64
1299,river,May-14,F,36.3,1.28,2,2.943,10.366,10.366
1300,river,May-14,M,42.45,2.33,2,3.162,12.694,15.241
1301,river,May-14,F,39.1,1.5,2,2.987,10.806,10.897
1302,river,May-14,F,41.85,1.79,2,3.206,11.222,12.26
1303,river,May-14,M,35.2,1.24,2,2.855,10.454,11.136
1304,river,May-14,F,39.7,1.56,2,3.031,11.244,11.398
1305,river,May-14,M,37.9,1.56,2,2.834,10.608,12.124
1306,river,May-14,F,37.5,1.44,2,2.702,10.607,11.339
1307,river,May-14,M,38.5,1.6,2,2.899,11.859,12.718
1308,river,May-14,F,40.2,1.67,2,3.031,11.21,11.53
1309,river,May-14,F,37.25,1.4,2,2.636,10.807,11.006
1310,river,May-14,F,28.7,0.61,2,2.197,8.26,8.217
1311,river,May-14,F,39.9,1.66,2,3.119,10.674,11.684
1312,river,May-14,F,40.05,1.65,2,2.966,10.552,11.662
1313,river,May-14,F,39.1,1.72,2,3.187,11.205,11.82
1314,river,May-14,F,24.5,0.34,2,1.889,6.859,6.724
1315,river,May-14,M,42.55,2.3,2,3.086,12.804,14.583
1316,river,May-14,M,41.15,1.97,2,3.18,12.163,13.525
1317,river,May-14,F,38.05,1.62,2,2.906,11.337,12.203
1318,river,May-14,F,43.85,2.08,2,3.173,12.765,12.784
1319,river,May-14,F,39,1.9,2,3.097,11.342,12.332
1320,river,May-14,F,41.3,1.99,2,2.9,11.201,12.189
1321,river,May-14,M,35.25,1.1,2,3.103,10.366,10.871
1322,river,May-14,F,40.75,1.62,2,3.193,12.226,11.604
1323,river,May-14,M,47.8,3.86,2,3.646,14.891,18.317
1324,river,May-14,M,35.85,1.24,2,2.549,10.542,10.717
1325,river,May-14,M,42.2,2.01,2,3.251,12.924,13.265
1326,river,May-14,M,47.2,3.09,2,3.426,13.887,16.427
1327,river,May-14,M,43,2.51,2,3.25,12.567,14.233
1328,river,May-14,F,39.25,1.53,2,2.811,10.808,11.332
1329,river,May-14,M,41.4,1.84,2,2.987,11.947,13.004
1330,river,May-14,M,45.15,2.83,2,3.69,13.974,15.639
1331,river,May-14,M,38,1.48,2,3.251,11.332,11.685
1332,river,May-14,F,39.05,1.64,2,3.339,10.981,11.428
1333,river,May-14,M,40.4,1.96,2,3.606,11.771,14.143
1334,river,May-14,M,44.25,2.46,2,3.606,13.617,15.198
1335,river,May-14,F,36.15,1.17,2,2.988,10.805,10.287
1336,river,May-14,M,51.35,4.16,2,3.781,17.046,19.333
1337,river,May-14,M,38.45,1.77,2,3.427,12.036,12.65
1338,river,May-14,M,42.8,2.34,2,3.251,13.177,14.85
1339,river,May-14,M,44.2,2.58,2,3.778,13.539,15.116
1340,river,May-14,M,47.5,3.12,2,3.602,14.153,15.99
1341,river,May-14,M,46.9,2.94,2,3.865,13.977,15.645
1342,river,May-14,F,40.85,1.78,2,3.164,11.899,12.753
1343,river,May-14,M,34.45,1.24,2,2.987,10.279,10.633
1344,river,May-14,F,39.1,1.54,2,3.08,11.334,11.157
1345,river,May-14,M,41.1,1.57,2,2.9,11.157,11.686
1346,river,May-14,M,41.5,2.11,2,3.255,12.65,13.97
1347,river,May-14,F,38.5,1.59,2,2.817,11.42,11.16
1348,river,May-14,M,41.6,2.25,2,3.162,13.275,14.153
1349,river,May-14,M,47.7,2.98,2,3.874,13.623,15.813
1350,river,May-14,F,43.5,2.4,2,3.606,12.826,14.231
1351,bore,May-14,M,38.35,1.66,0,3.25,10.806,12.374
1352,bore,May-14,M,40.5,2.11,2,3.602,12.347,14.193
1353,bore,May-14,M,40.65,2.19,right,3.36,11.662,13.648
1354,bore,May-14,F,29.8,0.67,left,2.461,7.921,8.094
1355,bore,May-14,M,43.3,1.93,2,3.234,13.049,14.626
1356,bore,May-14,F,31.75,0.8,2,2.725,8.783,8.698
1357,bore,May-14,F,31.1,0.78,0,2.373,8.631,8.631
1358,bore,May-14,F,30.05,0.7,left,2.817,8.785,8.523
1359,bore,May-14,M,42.2,2.47,2,3.648,12.958,14.981
1360,bore,May-14,M,43.3,2.63,2,3.494,13.375,15.302
1361,bore,May-14,F,32.7,1.1,0,3.106,9.62,10.235
1362,bore,May-14,F,30.5,0.76,2,2.504,8.196,8.105
1363,bore,May-14,M,33.2,0.98,left,2.635,10.015,9.951
1364,bore,May-14,M,30.05,0.78,right,2.548,8.872,9.182
1365,bore,May-14,F,31.6,0.84,0,2.9,9.004,9.136
1366,bore,May-14,M,30.1,0.69,2,2.328,8.088,8.659
1367,bore,May-14,M,31.5,0.8,2,2.558,8.82,9.426
1368,bore,May-14,M,38.45,1.62,2,3.164,11.303,12.089
1369,bore,May-14,F,30.55,0.71,2,2.196,7.475,8.082
1370,bore,May-14,M,40.3,2.3,2,3.162,11.601,14.319
1371,bore,May-14,M,30.05,0.81,0,2.284,8.171,8.697
1372,bore,May-14,M,35,1.41,2,2.549,10.116,11.158
1373,bore,May-14,M,41.2,2.14,2,3.427,12.474,13.357
1374,bore,May-14,M,44.5,2.52,left,3.869,13.445,14.408
1375,bore,May-14,F,27.25,0.52,2,2.11,7.208,7.467
1376,bore,May-14,F,37.15,1.47,2,2.911,10.893,11.169
1377,bore,May-14,M,38.7,1.74,left,3.075,11.16,12.387
1378,bore,May-14,M,33.7,1.02,2,3.164,9.752,10.366
1379,bore,May-14,M,41.6,2.39,2,3.164,12.651,14.675
1380,bore,May-14,M,41.25,2.05,0,3.694,12.123,14.058
1381,bore,May-14,M,40.55,1.78,right,3.095,10.894,13.089
1382,bore,May-14,F,27.1,0.54,left,2.198,7.304,7.116
1383,bore,May-14,M,41.2,2.07,0,3.426,11.867,13.792
1384,bore,May-14,F,31.6,0.72,2,2.372,8.089,8.262
1385,bore,May-14,M,39.3,1.57,2,3.349,10.981,11.508
1386,bore,May-14,M,44.05,2.4,2,3.436,13.972,15.14
1387,bore,May-14,M,33.5,1,2,2.46,9.138,9.579
1388,bore,May-14,M,34.9,1.45,2,2.9,10.808,11.508
1389,bore,May-14,F,30.25,0.59,2,2.723,7.818,7.557
1390,bore,May-14,M,38.3,1.44,2,2.812,10.998,11.86
1391,bore,May-14,M,39.9,1.68,2,3.603,11.597,12.394
1392,bore,May-14,F,30.6,0.69,0,2.244,8.505,8.105
1393,bore,May-14,M,30,0.63,2,2.723,7.555,8.171
1394,bore,May-14,F,31.6,0.84,2,3.075,8.785,8.964
1395,bore,May-14,F,32.2,0.81,0,2.548,9.318,8.697
1396,bore,May-14,F,36.4,1.29,2,3.167,9.839,9.845
1397,bore,May-14,F,32.45,0.89,0,2.372,8.17,8.62
1398,bore,May-14,F,29.15,0.6,2,2.46,8.441,7.731
1399,bore,May-14,M,29.85,0.71,2,2.284,8.086,8.609
1400,bore,May-14,M,45.7,2.65,0,3.602,13.357,14.583
1401,bore,May-14,M,40,1.69,right,2.899,10.366,12.124
1402,bore,May-14,F,25.15,0.42,2,2.022,6.589,6.418
1403,bore,May-14,M,33.45,0.89,2,3.164,8.873,8.697
1404,bore,May-14,M,35.1,1.16,2,2.899,9.489,10.547
1405,bore,May-14,M,46.75,2.62,2,3.954,13.353,15.902
1406,bore,May-14,M,40.3,1.98,left,3.518,11.513,13.705
1407,bore,May-14,F,33.7,0.87,2,3.076,8.872,9.138
1408,bore,May-14,M,31.5,0.75,left,2.637,8.262,8.609
1409,bore,May-14,F,30.75,0.72,2,2.198,7.819,8.269
1410,bore,May-14,F,31.9,0.68,right,2.548,8.523,7.996
1411,bore,May-14,M,44,2.37,2,3.427,13.002,14.411
1412,bore,May-14,M,40,1.69,2,3.25,10.806,12.388
1413,bore,May-14,F,26.1,0.44,2,2.291,6.15,6.769
1414,bore,May-14,F,32,0.74,2,2.461,8.258,8.346
1415,bore,May-14,F,29.1,0.45,2,2.286,7.994,7.735
1416,bore,May-14,M,41.9,2.29,right,2.767,13.77,14.833
1417,bore,May-14,M,40.05,1.56,left,2.767,10.871,12
1418,bore,May-14,F,32.2,0.69,2,2.372,7.225,8.437
1419,bore,May-14,M,33.05,1.03,2,2.768,9.927,10.458
1420,bore,May-14,M,27.65,0.52,2,2.152,7.511,7.559
1421,bore,May-14,F,27.4,0.43,2,2.328,8.17,7.381
1422,bore,May-14,F,32.75,0.86,right,2.505,8.741,9.011
1423,bore,May-14,M,42.7,2.47,2,3.887,13.309,15.095
1424,bore,May-14,F,29.9,0.6,2,2.416,7.907,7.908
1425,bore,May-14,F,27.8,0.5,right,2.284,8.082,7.38
1426,bore,May-14,M,36.35,1.34,2,2.68,10.322,11.734
1427,bore,May-14,F,31.6,0.82,2,2.593,8.258,8.881
1428,bore,May-14,M,29.05,0.55,2,2.284,7.818,8.132
1429,bore,May-14,M,26.1,0.43,0,2.167,8.2,7.556
1430,bore,May-14,F,28.1,0.51,2,2.108,8.258,7.6
1431,bore,May-14,M,41,1.84,0,3.031,11.861,13.317
1432,bore,May-14,M,42.1,2.14,0,3.097,12.189,13.841
1433,bore,May-14,M,38.2,1.45,2,3.69,11.464,11.927
1434,bore,May-14,M,33.4,1.15,2,2.549,9.971,10.762
1435,bore,May-14,F,23.8,0.33,right,1.758,6.473,6.501
1436,bore,May-14,M,31.7,0.84,0,2.372,9.049,9.185
1437,bore,May-14,M,41.75,1.94,2,3.229,12.452,13.38
1438,bore,May-14,F,27.2,0.49,2,2.169,7.088,7.262
1439,bore,May-14,M,30.05,0.66,2,2.504,8.434,8.569
1440,bore,May-14,M,36.65,1.47,0,3.251,10.761,11.906
1441,bore,May-14,F,26.35,0.37,2,2.021,7.73,6.796
1442,bore,May-14,M,44.05,2.55,right,3.031,12.123,14.568
1443,bore,May-14,M,43.95,2.38,0,3.427,12.255,14.759
1444,bore,May-14,F,33.3,0.9,2,2.635,9.663,9.358
1445,bore,May-14,M,38.85,1.69,2,2.68,11.771,13.002
1446,bore,May-14,M,38.9,1.5,0,2.855,11.332,11.728
1447,bore,May-14,F,30.2,0.66,2,2.46,8.477,8.391
1448,bore,May-14,F,29.8,0.64,2,2.153,7.95,8.13
1449,bore,May-14,M,24.3,0.36,2,1.933,6.881,6.738
1450,bore,May-14,M,39.4,1.68,right,2.811,11.771,12.388
1451,bore,May-14,M,39.75,1.7,2,2.812,11.069,12.345
1452,bore,May-14,M,39.75,1.63,2,2.899,11.464,12.475
1453,bore,May-14,F,32.1,0.86,left,2.504,9.004,9.05
1454,bore,May-14,M,40.85,2.1,2,3.228,12.848,14.365
1455,bore,May-14,M,34.1,1.1,2,2.811,9.795,10.546
1456,bore,May-14,F,42.35,1.8,2,3.426,12.694,12.563
1457,bore,May-14,M,28.7,0.61,2,2.46,8.669,8.668
1458,bore,May-14,F,30.7,0.66,2,2.548,9.4,8.478
1459,bore,May-14,M,35.9,1.18,0,2.548,9.795,10.591
1460,bore,May-14,M,24.55,0.29,left,1.962,7.028,6.414
1461,bore,May-14,F,34.35,1.02,2,2.591,9.62,9.756
1462,bore,May-14,M,30.3,0.75,left,2.328,8.785,8.962
1463,bore,May-14,F,29.65,0.66,2,2.196,8.433,8.114
1464,bore,May-14,M,31.8,0.8,2,2.46,9.487,9.006
1465,bore,May-14,F,30.15,0.7,2,2.328,8.48,8.172
1466,bore,May-14,F,23.05,0.29,2,1.904,6.471,6.034
1467,bore,May-14,M,37.15,1.46,right,2.767,11.266,12.322
1468,bore,May-14,F,23.6,0.33,left,1.874,6.56,6.589
1469,bore,May-14,F,32.6,0.92,2,2.548,9.184,9.707
1470,bore,May-14,M,36.15,1.34,0,2.814,10.633,11.598
1471,bore,May-14,M,30.55,0.62,2,2.065,8.082,8.175
1472,bore,May-14,M,32.5,0.87,0,2.284,8.698,8.961